이름,행,열,강화,,파주,,의정부,,가평,,춘천,,속초,,고양,,홍천,,김포,,서울,,동해,,인천,,성남,,수원,,이천,,여주,,원주,,평창,,삼척,,평택,,제천,,서산,,천안,,음성,,충주,,영주,,울진,,태안,,청주,,문경,,보령,,공주,,세종,,논산,,대전,,구미,,군산,,포항,,전주,,대구,,경주,,담양,,함양,,울산,,광주,,진주,,창원,,김해,,부산,,무안,,순천,,목포,,여수,,해남,,고흥,,제주,
강화,21,5,0,0,1000000,1000000,1000000,1000000,1000000,1000000,1000000,1000000,1000000,1000000,2100,90,1000000,1000000,1700,60,3400,120,1000000,1000000,2000,90,1000000,1000000,1000000,1000000,1000000,1000000,1000000,1000000,1000000,1000000,1000000,1000000,1000000,1000000,1000000,1000000,1000000,1000000,1000000,1000000,1000000,1000000,1000000,1000000,1000000,1000000,1000000,1000000,1000000,1000000,1000000,1000000,1000000,1000000,1000000,1000000,1000000,1000000,1000000,1000000,1000000,1000000,1000000,1000000,1000000,1000000,1000000,1000000,1000000,1000000,1000000,1000000,1000000,1000000,1000000,1000000,1000000,1000000,1000000,1000000,1000000,1000000,1000000,1000000,1000000,1000000,1000000,1000000,1000000,1000000,1000000,1000000,1000000,1000000,1000000,1000000,1000000,1000000,1000000,1000000,1000000,1000000,1000000,1000000,1000000,1000000,1000000,1000000
파주,32,5,1000000,1000000,0,0,1950,120,1000000,1000000,1000000,1000000,1000000,1000000,1650,60,1000000,1000000,2000,90,2000,60,1000000,1000000,2800,120,1000000,1000000,1000000,1000000,1000000,1000000,1000000,1000000,1000000,1000000,1000000,1000000,1000000,1000000,1000000,1000000,1000000,1000000,1000000,1000000,1000000,1000000,1000000,1000000,1000000,1000000,1000000,1000000,1000000,1000000,1000000,1000000,1000000,1000000,1000000,1000000,1000000,1000000,1000000,1000000,1000000,1000000,1000000,1000000,1000000,1000000,1000000,1000000,1000000,1000000,1000000,1000000,1000000,1000000,1000000,1000000,1000000,1000000,1000000,1000000,1000000,1000000,1000000,1000000,1000000,1000000,1000000,1000000,1000000,1000000,1000000,1000000,1000000,1000000,1000000,1000000,1000000,1000000,1000000,1000000,1000000,1000000,1000000,1000000,1000000,1000000,1000000,1000000
의정부,38,6,1000000,1000000,1950,120,0,0,1000000,1000000,1000000,1000000,31000,240,2000,90,8900,150,3350,90,1550,60,1000000,1000000,2150,150,1000000,1000000,3800,100,9600,120,1000000,1000000,1000000,1000000,12000,120,1000000,1000000,1000000,1000000,18000,180,22000,210,14000,150,1000000,1000000,1000000,1000000,1000000,1000000,1000000,1000000,25300,240,15900,180,1000000,1000000,1000000,1000000,1000000,1000000,1000000,1000000,1000000,1000000,21000,210,1000000,1000000,1000000,1000000,1000000,1000000,27000,270,1000000,1000000,1000000,1000000,1000000,1000000,1000000,1000000,1000000,1000000,34000,240,1000000,1000000,1000000,1000000,1000000,1000000,1000000,1000000,1000000,1000000,1000000,1000000,1000000,1000000,1000000,1000000,1000000,1000000,1000000,1000000,1000000,1000000
가평,44,5,1000000,1000000,1000000,1000000,1000000,1000000,0,0,3000,20,1000000,1000000,12500,90,1000000,1000000,16000,120,2250,90,1000000,1000000,16300,150,1000000,1000000,1000000,1000000,1000000,1000000,1000000,1000000,1000000,1000000,1000000,1000000,1000000,1000000,1000000,1000000,1000000,1000000,1000000,1000000,1000000,1000000,1000000,1000000,1000000,1000000,1000000,1000000,1000000,1000000,1000000,1000000,1000000,1000000,1000000,1000000,1000000,1000000,1000000,1000000,1000000,1000000,1000000,1000000,1000000,1000000,1000000,1000000,1000000,1000000,1000000,1000000,1000000,1000000,1000000,1000000,1000000,1000000,1000000,1000000,1000000,1000000,1000000,1000000,1000000,1000000,1000000,1000000,1000000,1000000,1000000,1000000,1000000,1000000,1000000,1000000,1000000,1000000,1000000,1000000,1000000,1000000,1000000,1000000,1000000,1000000,1000000,1000000
춘천,48,4,1000000,1000000,1000000,1000000,1000000,1000000,1650,60,0,0,15700,120,18200,150,3300,40,20000,180,10000,180,23200,150,20000,240,10000,180,15000,180,1000000,1000000,1000000,1000000,7100,60,1000000,1000000,25000,210,1000000,1000000,1000000,1000000,1000000,1000000,1000000,1000000,1000000,1000000,1000000,1000000,1000000,1000000,1000000,1000000,1000000,1000000,21000,210,1000000,1000000,1000000,1000000,1000000,1000000,1000000,1000000,1000000,1000000,24000,240,1000000,1000000,1000000,1000000,45000,240,1000000,1000000,38000,210,40000,210,1000000,1000000,1000000,1000000,45000,240,1000000,1000000,1000000,1000000,1000000,1000000,1000000,1000000,40000,240,1000000,1000000,1000000,1000000,1000000,1000000,1000000,1000000,1000000,1000000,1000000,1000000,1000000,1000000
속초,54,4,1000000,1000000,1000000,1000000,31000,240,1000000,1000000,15700,120,0,0,26000,300,15700,120,1000000,1000000,23300,150,12400,150,25600,180,22000,240,27000,240,1000000,1000000,1000000,1000000,22000,150,1000000,1000000,15000,210,30000,300,1000000,1000000,1000000,1000000,1000000,1000000,1000000,1000000,1000000,1000000,1000000,1000000,2200,180,1000000,1000000,1000000,1000000,1000000,1000000,1000000,1000000,1000000,1000000,1000000,1000000,1000000,1000000,35000,330,1000000,1000000,1000000,1000000,43000,270,43000,290,43000,240,1000000,1000000,1000000,1000000,1000000,1000000,50000,330,1000000,1000000,1000000,1000000,1000000,1000000,1000000,1000000,55000,360,1000000,1000000,1000000,1000000,1000000,1000000,1000000,1000000,1000000,1000000,1000000,1000000,1000000,1000000
고양,34,7,2000,120,1500,40,1000000,1000000,13000,90,18000,120,26000,300,0,0,13000,120,2000,20,1200,60,1000000,1000000,1200,60,1000000,1000000,1000000,1000000,1000000,1000000,1000000,1000000,14000,120,1000000,1000000,1000000,1000000,1000000,1000000,15000,210,20000,1000000,10000,120,1000000,1000000,17000,120,1000000,1000000,1000000,1000000,23000,330,17000,150,1000000,1000000,1000000,1000000,1000000,1000000,1000000,1000000,28000,240,20000,150,1000000,1000000,20000,180,1000000,1000000,26000,180,1000000,1000000,1000000,1000000,1000000,1000000,1000000,1000000,1000000,1000000,1000000,1000000,1000000,1000000,1000000,1000000,1000000,1000000,1000000,1000000,1000000,1000000,1000000,1000000,1000000,1000000,1000000,1000000,1000000,1000000,1000000,1000000,1000000,1000000
홍천,50,7,1000000,1000000,1000000,1000000,8900,150,1000000,1000000,33000,40,15700,90,13000,90,0,0,1000000,1000000,8100,90,1000000,1000000,1000000,1000000,13000,120,11000,180,1000000,1000000,1000000,1000000,7400,60,1000000,1000000,1000000,1000000,1000000,1000000,1000000,1000000,1000000,1000000,1000000,1000000,1000000,1000000,1000000,1000000,1000000,1000000,1000000,1000000,1000000,1000000,1000000,1000000,1000000,1000000,1000000,1000000,1000000,1000000,1000000,1000000,1000000,1000000,20000,210,1000000,1000000,1000000,1000000,40000,270,1000000,1000000,35000,240,35000,240,1000000,1000000,1000000,1000000,40000,270,1000000,1000000,1000000,1000000,1000000,1000000,1000000,1000000,40000,240,1000000,1000000,1000000,1000000,1000000,1000000,1000000,1000000,1000000,1000000,1000000,1000000,1000000,1000000
김포,29,8,1800,60,1800,70,8700,110,16000,100,1000000,1000000,1000000,1000000,2800,60,1000000,1000000,0,0,2900,60,1000000,1000000,1700,90,3200,110,8000,80,14400,120,18600,150,1000000,1000000,1000000,1000000,1000000,1000000,1000000,1000000,1000000,1000000,17700,140,1000000,1000000,1000000,1000000,1000000,1000000,1000000,1000000,1000000,1000000,17800,165,1000000,1000000,1000000,1000000,1000000,1000000,1000000,1000000,1000000,1000000,1000000,1000000,1000000,1000000,1000000,1000000,1000000,1000000,1000000,1000000,21800,220,1000000,1000000,1000000,1000000,1000000,1000000,1000000,1000000,70000,70,65000,70,1000000,1000000,1000000,1000000,50000,60,1000000,1000000,1000000,1000000,1000000,1000000,1000000,1000000,65000,60,1000000,1000000,1000000,1000000,25000,80
서울,37,8,4000,120,2000,60,2000,60,3000,100,45000,160,20000,150,1600,60,12000,60,3000,60,0,0,30000,120,2000,70,3000,70,4000,80,4000,140,4000,120,11000,60,22000,180,28000,180,8000,60,16000,70,14000,120,15000,50,11000,120,12000,120,22000,100,40000,240,13000,130,13000,90,15000,160,19000,130,15000,90,15000,100,30000,100,14000,80,16000,100,23000,150,55000,150,35000,120,45000,130,50000,140,32000,210,30000,230,55000,150,49000,130,37000,270,43000,240,45000,280,60000,180,37000,200,45000,180,54000,140,48000,190,1000000,1000000,40000,240,1000000,1000000
동해,60,8,1000000,1000000,1000000,1000000,1000000,1000000,1000000,1000000,1000000,1000000,1000000,1000000,1000000,1000000,1000000,1000000,1000000,1000000,26000,180,0,0,1000000,1000000,27000,210,32000,180,1000000,1000000,1000000,1000000,1000000,1000000,1000000,1000000,1200,60,1000000,1000000,12000,240,1000000,1000000,1000000,1000000,1000000,1000000,1000000,1000000,1000000,1000000,12000,60,1000000,1000000,1000000,1000000,1000000,1000000,1000000,1000000,1000000,1000000,1000000,1000000,1000000,1000000,33500,240,1000000,1000000,1000000,1000000,30000,180,1000000,1000000,35000,240,1000000,1000000,1000000,1000000,1000000,1000000,38000,240,1000000,1000000,1000000,1000000,1000000,1000000,1000000,1000000,40000,240,1000000,1000000,1000000,1000000,1000000,1000000,1000000,1000000,1000000,1000000,1000000,1000000,1000000,1000000
인천,30,10,2000,120,2000,120,2150,150,23000,120,1000000,1000000,25000,180,2000,40,16000,120,1500,60,3200,60,1000000,1000000,0,0,4000,60,8000,60,8000,90,1000000,1000000,15000,120,1000000,1000000,44000,240,7300,120,16000,150,10000,90,9000,90,15000,180,12000,180,25000,180,50000,450,14000,110,15000,120,20000,180,17000,120,18000,180,18000,150,30000,180,18000,120,30000,210,20000,150,47000,330,24000,150,35000,210,40000,300,1000000,1000000,33000,240,1000000,1000000,32000,210,36000,240,50000,300,1000000,1000000,40000,240,40000,240,35000,240,34000,270,38000,240,44000,270,46000,270,1000000,1000000
성남,40,10,1000000,1000000,1000000,1000000,1000000,1000000,1000000,1000000,11700,120,22000,230,1000000,1000000,12000,120,1000000,1000000,15000,30,17000,150,4000,60,0,0,2800,60,2000,60,2000,60,1000,90,1000000,1000000,30000,180,3000,60,15000,120,16000,135,6000,60,15000,120,13000,120,20000,120,1000000,1000000,17000,165,12000,120,16000,120,1000000,1000000,1000000,1000000,16000,120,18000,180,15000,150,23000,150,23000,150,1000000,1000000,22000,210,32000,210,32000,210,1000000,1000000,1000000,1000000,1000000,1000000,30000,180,22000,210,50000,240,40000,270,40000,240,1000000,1000000,30000,210,1000000,1000000,36000,270,1000000,1000000,1000000,1000000,1000000,1000000
수원,38,11,1000000,1000000,1000000,1000000,4000,120,1000000,1000000,15000,120,35000,230,1000000,1000000,16000,90,1000000,1000000,3100,60,32400,195,3000,90,2800,60,0,0,10000,90,3000,60,9000,90,1000000,1000000,3000,210,2000,60,16000,180,12000,80,6000,60,12000,150,12000,90,2000,120,45000,460,15000,120,12000,120,16000,120,10000,150,15000,150,8000,120,1000000,1000000,14000,120,23000,150,23000,180,28000,240,20000,150,28000,210,40000,180,1000000,1000000,25000,180,40000,210,27000,180,30000,210,36000,270,37000,270,1000000,1000000,1000000,1000000,31000,240,32000,210,36000,300,42000,270,1000000,1000000,1000000,1000000
이천,43,11,1000000,1000000,1000000,1000000,3000,90,1000000,1000000,1000000,1000000,1000000,1000000,1000000,1000000,1000000,1000000,14000,90,6000,60,1000000,1000000,8000,90,2000,60,10000,90,0,0,2400,40,1000000,1000000,1000000,1000000,1000000,1000000,1000000,1000000,1000000,1000000,1000000,1000000,1000000,1000000,1000000,1000000,10000,60,1000000,1000000,1000000,1000000,1000000,1000000,7700,90,1000000,1000000,1000000,1000000,1000000,1000000,1000000,1000000,1000000,1000000,13000,90,21000,120,1000000,1000000,1000000,1000000,22000,150,27000,180,1000000,1000000,1000000,1000000,1000000,1000000,1000000,1000000,28000,210,1000000,1000000,1000000,1000000,1000000,1000000,35000,240,1000000,1000000,1000000,1000000,1000000,1000000,1000000,1000000,1000000,1000000,1000000,1000000,1000000,1000000
여주,48,11,1000000,1000000,1000000,1000000,1000000,1000000,1000000,1000000,1000000,1000000,1000000,1000000,1000000,1000000,1000000,1000000,1000000,1000000,3000,120,1000000,1000000,1000000,1000000,2000,60,3000,60,2400,40,0,0,1000000,1000000,1000000,1000000,1000000,1000000,1000000,1000000,1000000,1000000,1000000,1000000,1000000,1000000,1000000,1000000,1000000,1000000,1000000,1000000,1000000,1000000,1000000,1000000,1000000,1000000,1000000,1000000,1000000,1000000,1000000,1000000,1000000,1000000,1000000,1000000,16000,120,18000,120,1000000,1000000,1000000,1000000,25000,150,24000,180,1000000,1000000,1000000,1000000,1000000,1000000,1000000,1000000,1000000,1000000,1000000,1000000,1000000,1000000,1000000,1000000,31000,210,1000000,1000000,1000000,1000000,1000000,1000000,1000000,1000000,1000000,1000000,1000000,1000000,1000000,1000000
원주,50,10,1000000,1000000,1000000,1000000,1000000,1000000,1000000,1000000,7100,60,22000,170,14000,120,7400,60,20000,150,8000,90,1000000,1000000,15000,120,1000,90,9000,90,1000000,1000000,4880,30,0,0,9500,90,1000000,1000000,12000,150,43000,240,1000000,1000000,12000,150,1000000,1000000,7000,90,10000,60,1000000,1000000,1000000,1000000,10000,90,1000000,1000000,1000000,1000000,22000,210,1000000,1000000,1000000,1000000,13000,120,30000,180,1000000,1000000,1000000,1000000,20000,210,25000,180,1000000,1000000,1000000,1000000,1000000,1000000,30000,210,1000000,1000000,1000000,1000000,1000000,1000000,1000000,1000000,31000,210,1000000,1000000,1000000,1000000,1000000,1000000,1000000,1000000,1000000,1000000,1000000,1000000,1000000,1000000
평창,55,11,1000000,1000000,1000000,1000000,12000,120,1000000,1000000,1000000,1000000,1000000,1000000,1000000,1000000,1000000,1000000,1000000,1000000,16000,150,1000000,1000000,1000000,1000000,1000000,1000000,1000000,1000000,1000000,1000000,1000000,1000000,10000,90,0,0,1000000,1000000,1000000,1000000,1000000,1000000,1000000,1000000,1000000,1000000,1000000,1000000,1000000,1000000,1000000,1000000,1000000,1000000,1000000,1000000,1000000,1000000,1000000,1000000,1000000,1000000,1000000,1000000,1000000,1000000,1000000,1000000,1000000,1000000,1000000,1000000,1000000,1000000,1000000,1000000,1000000,1000000,1000000,1000000,1000000,1000000,1000000,1000000,1000000,1000000,1000000,1000000,1000000,1000000,1000000,1000000,1000000,1000000,1000000,1000000,1000000,1000000,1000000,1000000,1000000,1000000,1000000,1000000,1000000,1000000,1000000,1000000,1000000,1000000,1000000,1000000
삼척,63,11,1000000,1000000,1000000,1000000,1000000,1000000,1000000,1000000,25000,170,15000,170,1000000,1000000,1000000,1000000,1000000,1000000,30000,210,1200,60,44000,240,30000,180,30000,210,1000000,1000000,1000000,1000000,1000000,1000000,1000000,1000000,0,0,1000000,1000000,10000,330,1000000,1000000,1000000,1000000,1000000,1000000,1000000,1000000,1000000,1000000,10000,60,1000000,1000000,1000000,1000000,1000000,1000000,1000000,1000000,1000000,1000000,1000000,1000000,1000000,1000000,36000,240,1000000,1000000,1000000,1000000,27000,180,1000000,1000000,35000,230,1000000,1000000,1000000,1000000,1000000,1000000,1000000,1000000,1000000,1000000,1000000,1000000,1000000,1000000,1000000,1000000,37000,240,1000000,1000000,1000000,1000000,1000000,1000000,1000000,1000000,1000000,1000000,1000000,1000000,1000000,1000000
평택,34,12,1000000,1000000,1000000,1000000,1000000,1000000,1000000,1000000,1000000,1000000,30000,300,1000000,1000000,1000000,1000000,3000,120,6000,60,1000000,1000000,7300,120,3000,60,2000,60,1000000,1000000,1000000,1000000,12000,150,1000000,1000000,1000000,1000000,0,0,1000000,1000000,1000000,1000000,2000,40,7000,120,8600,120,1000000,1000000,1000000,1000000,1000000,1000000,6000,60,1000000,1000000,10000,120,1000000,1000000,1000000,1000000,8900,120,10000,90,13000,150,20000,120,1000000,1000000,14000,150,16000,180,1000000,1000000,1000000,1000000,1000000,1000000,1000000,1000000,24000,150,1000000,1000000,1000000,1000000,1000000,1000000,1000000,1000000,20000,270,20000,270,22000,270,22000,300,1000000,1000000,1000000,1000000,1000000,1000000
제천,53,12,1000000,1000000,1000000,1000000,1000000,1000000,1000000,1000000,1000000,1000000,1000000,1000000,15300,230,1000000,1000000,1000000,1000000,15400,120,10000,160,16200,180,16000,120,1000000,1000000,8400,80,1000000,1000000,5700,40,1000000,1000000,1000000,1000000,16400,180,0,0,1000000,1000000,18600,140,4000,85,2600,45,8700,60,1000000,1000000,1000000,1000000,12400,100,1000000,1000000,1000000,1000000,1000000,1000000,1000000,1000000,1000000,1000000,1000000,1000000,1000000,1000000,1000000,1000000,1000000,1000000,1000000,1000000,22000,170,12900,160,1000000,1000000,1000000,1000000,1000000,1000000,1000000,1000000,1000000,1000000,1000000,1000000,1000000,1000000,37200,230,1000000,1000000,1000000,1000000,1000000,1000000,1000000,1000000,1000000,1000000,1000000,1000000,1000000,1000000
서산,23,14,1000000,1000000,1000000,1000000,1000000,1000000,1000000,1000000,1000000,1000000,1000000,1000000,20000,260,1000000,1000000,17700,190,13800,100,1000000,1000000,12400,90,1000000,1000000,12500,90,1000000,1000000,1000000,1000000,1000000,1000000,1000000,1000000,1000000,1000000,1000000,1000000,1000000,1000000,0,0,12700,90,1000000,1000000,1000000,1000000,1000000,1000000,1000000,1000000,1500,60,1000000,1000000,1000000,1000000,6400,60,1000000,1000000,1000000,1000000,1000000,1000000,9700,100,1000000,1000000,13000,100,1000000,1000000,1000000,1000000,1000000,1000000,1000000,1000000,1000000,1000000,1000000,1000000,1000000,1000000,1000000,1000000,1000000,1000000,1000000,1000000,1000000,1000000,1000000,1000000,1000000,1000000,1000000,1000000,1000000,1000000,1000000,1000000,1000000,1000000,1000000,1000000,1000000,1000000
천안,32,14,1000000,1000000,1000000,1000000,1000000,1000000,1000000,1000000,1000000,1000000,1000000,1000000,11000,120,1000000,1000000,1000000,1000000,6800,60,1000000,1000000,1000000,1000000,6000,90,5300,30,1000000,1000000,1000000,1000000,1000000,1000000,1000000,1000000,1000000,1000000,2600,15,18600,110,12700,90,0,0,1000000,1000000,14000,140,1000000,1000000,1000000,1000000,15000,150,4000,50,1000000,1000000,5500,80,1000000,1000000,5500,60,21000,50,10000,25,21000,50,8000,120,1000000,1000000,11000,100,29000,70,1000000,1000000,1000000,1000000,1000000,1000000,40000,100,33800,80,21000,70,37000,130,1000000,1000000,46500,120,1000000,1000000,32000,120,40000,120,34000,140,1000000,1000000,1000000,1000000,1000000,1000000
음성,41,13,1000000,1000000,1000000,1000000,1000000,1000000,1000000,1000000,1000000,1000000,1000000,1000000,1000000,1000000,1000000,1000000,1000000,1000000,11000,120,1000000,1000000,10000,120,1000000,1000000,1000000,1000000,1000000,1000000,1000000,1000000,1000000,1000000,1000000,1000000,1000000,1000000,1000000,1000000,1000000,1000000,1000000,1000000,1000000,1000000,0,0,3700,40,1000000,1000000,1000000,1000000,1000000,1000000,6100,60,1000000,1000000,1000000,1000000,1000000,1000000,1000000,1000000,1000000,1000000,1000000,1000000,1000000,1000000,1000000,1000000,1000000,1000000,1000000,1000000,1000000,1000000,1000000,1000000,1000000,1000000,1000000,1000000,1000000,1000000,1000000,1000000,1000000,1000000,1000000,1000000,1000000,1000000,1000000,1000000,1000000,1000000,1000000,1000000,1000000,1000000,1000000,1000000,1000000,1000000,1000000,1000000,1000000,1000000
충주,46,13,1000000,1000000,1000000,1000000,1000000,1000000,1000000,1000000,1000000,1000000,1000000,1000000,17700,110,1000000,1000000,1000000,1000000,9000,100,1000000,1000000,12600,120,1000000,1000000,1000000,1000000,1000000,1000000,1000000,1000000,1000000,1000000,1000000,1000000,1000000,1000000,1000000,1000000,2600,45,1000000,1000000,14000,140,1000000,1000000,0,0,1000000,1000000,1000000,1000000,1000000,1000000,1000000,1000000,1000000,1000000,1000000,1000000,1000000,1000000,1000000,1000000,1000000,1000000,16000,100,17600,140,1000000,1000000,1000000,1000000,1000000,1000000,1000000,1000000,1000000,1000000,1000000,1000000,1000000,1000000,1000000,1000000,33000,210,1000000,1000000,27600,190,1000000,1000000,29000,180,1000000,1000000,1000000,1000000,1000000,1000000,1000000,1000000,1000000,1000000,1000000,1000000,1000000,1000000
영주,57,14,1000000,1000000,1000000,1000000,1000000,1000000,1000000,1000000,1000000,1000000,1000000,1000000,1000000,1000000,1000000,1000000,1000000,1000000,21800,100,1000000,1000000,25700,200,1000000,1000000,20000,130,1000000,1000000,1000000,1000000,7000,70,1000000,1000000,1000000,1000000,1000000,1000000,4000,45,1000000,1000000,1000000,1000000,1000000,1000000,1000000,1000000,0,0,1000000,1000000,1000000,1000000,1000000,1000000,3500,70,1000000,1000000,1000000,1000000,1000000,1000000,1000000,1000000,26000,150,1000000,1000000,1000000,1000000,24000,120,1000000,1000000,15500,90,1000000,1000000,1000000,1000000,1000000,1000000,1000000,1000000,1000000,1000000,1000000,1000000,1000000,1000000,1000000,1000000,15000,110,1000000,1000000,1000000,1000000,1000000,1000000,1000000,1000000,1000000,1000000,1000000,1000000,1000000,1000000
울진,63,11,1000000,1000000,1000000,1000000,1000000,1000000,1000000,1000000,1000000,1000000,1000000,1000000,1000000,1000000,1000000,1000000,1000000,1000000,38200,225,12000,75,1000000,1000000,1000000,1000000,1000000,1000000,1000000,1000000,1000000,1000000,1000000,1000000,1000000,1000000,10000,60,1000000,1000000,1000000,1000000,1000000,1000000,1000000,1000000,1000000,1000000,1000000,1000000,16700,70,0,0,1000000,1000000,1000000,1000000,26000,195,1000000,1000000,1000000,1000000,1000000,1000000,1000000,1000000,1000000,1000000,1000000,1000000,1000000,1000000,17500,120,1000000,1000000,30500,160,1000000,1000000,1000000,1000000,1000000,1000000,1000000,1000000,1000000,1000000,1000000,1000000,1000000,1000000,1000000,1000000,15000,110,1000000,1000000,1000000,1000000,1000000,1000000,1000000,1000000,1000000,1000000,1000000,1000000,1000000,1000000
태안,19,15,1000000,1000000,1000000,1000000,25000,180,1000000,1000000,1000000,1000000,1000000,1000000,1000000,1000000,1000000,1000000,1000000,1000000,10800,130,1000000,1000000,10000,110,1000000,1000000,16000,90,1000000,1000000,1000000,1000000,1000000,1000000,1000000,1000000,1000000,1000000,1000000,1000000,1000000,1000000,2300,25,15000,120,1000000,1000000,1000000,1000000,1000000,1000000,1000000,1000000,0,0,1000000,1000000,1000000,1000000,9000,60,1000000,1000000,1000000,1000000,1000000,1000000,11000,120,1000000,1000000,15000,120,1000000,1000000,1000000,1000000,1000000,1000000,1000000,1000000,1000000,1000000,1000000,1000000,1000000,1000000,1000000,1000000,1000000,1000000,1000000,1000000,1000000,1000000,1000000,1000000,1000000,1000000,1000000,1000000,1000000,1000000,1000000,1000000,1000000,1000000,1000000,1000000,1000000,1000000
청주,43,16,1000000,1000000,1000000,1000000,12000,120,1000000,1000000,1000000,1000000,1000000,1000000,1000000,1000000,1000000,1000000,1000000,1000000,12800,100,1000000,1000000,11700,150,1000000,1000000,1000000,1000000,7700,70,1000000,1000000,1000000,1000000,1000000,1000000,1000000,1000000,6100,60,12400,90,1000000,1000000,4000,40,1000000,1000000,10000,90,1000000,1000000,1000000,1000000,1000000,1000000,0,0,1000000,1000000,1000000,1000000,1000000,1000000,1500,90,1000000,1000000,4400,35,10500,90,13600,160,35000,95,11200,90,19700,140,30700,90,1000000,1000000,1000000,1000000,35000,90,22000,170,1000000,1000000,1000000,1000000,1000000,1000000,30000,190,1000000,1000000,28000,120,34000,100,30000,130,1000000,1000000,1000000,1000000,40000,70
문경,50,16,1000000,1000000,1000000,1000000,1000000,1000000,1000000,1000000,1000000,1000000,1000000,1000000,1000000,1000000,1000000,1000000,1000000,1000000,13200,130,13000,130,20000,220,20800,130,1000000,1000000,1000000,1000000,1000000,1000000,1000000,1000000,1000000,1000000,1000000,1000000,1000000,1000000,1000000,1000000,1000000,1000000,1000000,1000000,1000000,1000000,10000,75,3500,70,1000000,1000000,1000000,1000000,1000000,1000000,0,0,1000000,1000000,1000000,1000000,1000000,1000000,1000000,1000000,1000000,1000000,10000,70,1000000,1000000,28000,190,1000000,1000000,1000000,1000000,22700,150,1000000,1000000,1000000,1000000,21000,180,1000000,1000000,1000000,1000000,1000000,1000000,1000000,1000000,25600,180,1000000,1000000,1000000,1000000,1000000,1000000,1000000,1000000,1000000,1000000,1000000,1000000,1000000,1000000
보령,22,20,1000000,1000000,1000000,1000000,1000000,1000000,1000000,1000000,1000000,1000000,1000000,1000000,1000000,1000000,1000000,1000000,1000000,1000000,13000,150,1000000,1000000,13000,160,1000000,1000000,13700,120,1000000,1000000,1000000,1000000,1000000,1000000,1000000,1000000,1000000,1000000,1000000,1000000,10500,100,6500,70,8000,70,1000000,1000000,1000000,1000000,1000000,1000000,1000000,1000000,9000,100,1000000,1000000,1000000,1000000,0,0,9600,120,1000000,1000000,1000000,1000000,13500,90,1000000,1000000,6500,50,1000000,1000000,1000000,1000000,1000000,1000000,1000000,1000000,1000000,1000000,1000000,1000000,1000000,1000000,1000000,1000000,1000000,1000000,1000000,1000000,1000000,1000000,1000000,1000000,1000000,1000000,1000000,1000000,1000000,1000000,1000000,1000000,1000000,1000000,1000000,1000000,1000000,1000000
공주,32,18,1000000,1000000,1000000,1000000,1000000,1000000,1000000,1000000,1000000,1000000,1000000,1000000,1000000,1000000,1000000,1000000,1000000,1000000,9300,90,1000000,1000000,1000000,1000000,21600,60,12000,150,1000000,1000000,1000000,1000000,1000000,1000000,1000000,1000000,1000000,1000000,1000000,1000000,1000000,1000000,1000000,1000000,11400,30,1000000,1000000,1000000,1000000,1000000,1000000,1000000,1000000,1000000,1000000,1000000,1000000,1000000,1000000,1000000,1000000,0,0,1500,80,1000000,1000000,1500,120,1000000,1000000,1000000,1000000,1000000,1000000,10000,40,1000000,1000000,1000000,1000000,1000000,1000000,1000000,1000000,1000000,1000000,18600,120,1000000,1000000,1000000,1000000,1000000,1000000,1000000,1000000,1000000,1000000,22000,100,28000,90,24300,110,1000000,1000000,1000000,1000000,1000000,1000000
세종,38,18,1000000,1000000,1000000,1000000,1000000,1000000,1000000,1000000,1000000,1000000,1000000,1000000,1000000,1000000,1000000,1000000,1000000,1000000,14000,100,1000000,1000000,1000000,1000000,1000000,1000000,13600,120,1000000,1000000,1000000,1000000,1000000,1000000,1000000,1000000,1000000,1000000,3500,40,1000000,1000000,10000,180,5400,47,1000000,1000000,1000000,1000000,1000000,1000000,1000000,1000000,1000000,1000000,16000,120,1000000,1000000,1000000,1000000,2300,20,0,0,1000000,1000000,1500,50,1000000,1000000,1000000,1000000,1000000,1000000,9500,80,1000000,1000000,1000000,1000000,1000000,1000000,1000000,1000000,1000000,1000000,20600,120,1000000,1000000,1000000,1000000,1000000,1000000,1000000,1000000,1000000,1000000,1000000,1000000,1000000,1000000,1000000,1000000,1000000,1000000,1000000,1000000,1000000,1000000
논산,28,21,1000000,1000000,1000000,1000000,1000000,1000000,1000000,1000000,1000000,1000000,1000000,1000000,1000000,1000000,1000000,1000000,1000000,1000000,17000,130,1000000,1000000,31800,180,1000000,1000000,16500,100,1000000,1000000,1000000,1000000,1000000,1000000,1000000,1000000,1000000,1000000,13200,95,1000000,1000000,1000000,1000000,11000,80,1000000,1000000,1000000,1000000,1000000,1000000,1000000,1000000,1000000,1000000,1000000,1000000,1000000,1000000,1000000,1000000,1000000,1000000,8000,60,0,0,4800,30,1000000,1000000,1000000,1000000,1000000,1000000,1000000,1000000,1000000,1000000,1000000,1000000,1000000,1000000,1000000,1000000,1000000,1000000,14000,85,1000000,1000000,1000000,1000000,1000000,1000000,30500,200,1000000,1000000,1000000,1000000,21000,120,1000000,1000000,1000000,1000000,1000000,1000000,1000000,1000000
대전,40,19,1000000,1000000,1000000,1000000,1000000,1000000,1000000,1000000,1000000,1000000,1000000,1000000,1000000,1000000,1000000,1000000,1000000,1000000,12000,120,33500,220,18000,120,1000000,1000000,8100,85,12900,110,16500,140,13700,120,1000000,1000000,36400,170,12400,30,1000000,1000000,14100,100,6000,60,1000000,1000000,12600,100,1000000,1000000,1000000,1000000,16000,120,5000,60,1000000,1000000,19000,90,6000,80,1500,45,5700,75,0,0,10600,70,11800,105,1000000,1000000,8600,90,16400,120,25800,65,1000000,1000000,1000000,1000000,27100,67,18700,120,19800,120,23100,170,28200,210,36200,100,1000000,1000000,1000000,1000000,25000,160,1000000,1000000,1000000,1000000,1000000,1000000,1000000,1000000
구미,52,20,1000000,1000000,1000000,1000000,1000000,1000000,1000000,1000000,1000000,1000000,1000000,1000000,1000000,1000000,1000000,1000000,1000000,1000000,25500,180,1000000,1000000,35800,225,23200,180,22700,150,21900,155,18300,120,29700,180,1000000,1000000,1000000,1000000,19400,130,1000000,1000000,1000000,1000000,17400,120,1000000,1000000,1000000,1000000,1000000,1000000,1000000,1000000,1000000,1000000,13600,95,1000000,1000000,1000000,1000000,1000000,1000000,1000000,1000000,1000000,1000000,10600,70,0,0,1000000,1000000,18200,110,20300,137,3000,33,12700,75,1000000,1000000,1000000,1000000,17900,120,25100,175,1000000,1000000,17300,85,1000000,1000000,15700,100,1000000,1000000,1000000,1000000,36600,290,1000000,1000000,1000000,1000000,1000000,1000000,1000000,1000000
군산,18,24,1000000,1000000,1000000,1000000,1000000,1000000,1000000,1000000,1000000,1000000,1000000,1000000,1000000,1000000,1000000,1000000,1000000,1000000,22000,145,1000000,1000000,1000000,1000000,23000,185,22600,200,1000000,1000000,1000000,1000000,1000000,1000000,1000000,1000000,1000000,1000000,1000000,1000000,1000000,1000000,1000000,1000000,13000,110,1000000,1000000,1000000,1000000,1000000,1000000,1000000,1000000,15400,140,1000000,1000000,1000000,1000000,8500,47,1000000,1000000,13200,75,1000000,1000000,11800,90,1000000,1000000,0,0,1000000,1000000,6200,60,1000000,1000000,1000000,1000000,1000000,1000000,1000000,1000000,1000000,1000000,18600,90,1000000,1000000,31100,180,1000000,1000000,33800,205,14400,150,1000000,1000000,1000000,1000000,1000000,1000000,1000000,1000000,1000000,1000000,1000000,1000000
포항,61,23,1000000,1000000,1000000,1000000,1000000,1000000,1000000,1000000,1000000,1000000,30500,205,1000000,1000000,1000000,1000000,1000000,1000000,34400,220,27300,180,1000000,1000000,1000000,1000000,36000,240,1000000,1000000,1000000,1000000,1000000,1000000,1000000,1000000,27300,150,1000000,1000000,1000000,1000000,1000000,1000000,39100,110,1000000,1000000,1000000,1000000,1000000,1000000,17500,125,1000000,1000000,1000000,1000000,9900,65,1000000,1000000,1000000,1000000,30500,170,1000000,1000000,30400,85,18200,110,1000000,1000000,0,0,32400,190,11000,80,1500,50,1000000,1000000,1000000,1000000,10700,75,31000,230,1000000,1000000,6000,50,15300,120,13200,90,1000000,1000000,30500,205,1000000,1000000,37500,255,1000000,1000000,1000000,1000000,1000000,1000000
전주,30,25,1000000,1000000,1000000,1000000,1000000,1000000,1000000,1000000,1000000,1000000,1000000,1000000,16000,180,30000,280,1000000,1000000,35000,170,1000000,1000000,25000,180,20000,180,1000000,1000000,1000000,1000000,1000000,1000000,20000,240,1000000,1000000,1000000,1000000,15000,180,1000000,1000000,1000000,1000000,23000,120,1000000,1000000,25000,240,1000000,1000000,1000000,1000000,1000000,1000000,13000,180,1000000,1000000,5000,230,10000,110,1000000,1000000,1000000,1000000,10000,120,24000,180,1000000,1000000,1000000,1000000,0,0,15000,120,27000,170,1000000,1000000,1000000,1000000,1000000,1000000,8000,60,15000,120,18000,120,1000000,1000000,30000,180,1000000,1000000,13000,120,15000,120,16000,60,1000000,1000000,1000000,1000000,1000000,1000000
대구,52,25,1000000,1000000,1000000,1000000,1000000,1000000,1000000,1000000,1000000,1000000,45000,300,46000,240,35000,260,1000000,1000000,45000,180,37000,230,37000,250,30000,180,33000,120,28000,180,25000,240,25000,180,1000000,1000000,1000000,1000000,30000,110,23000,170,1000000,1000000,27000,110,1000000,1000000,19000,180,16000,120,32000,180,1000000,1000000,25000,120,16000,120,1000000,1000000,1000000,1000000,1000000,1000000,1000000,1000000,20000,55,30000,30,22000,170,12000,50,15000,120,0,0,8000,60,1000000,1000000,1000000,1000000,13000,120,21000,120,17000,120,10000,60,8000,60,17000,60,1000000,1000000,28000,180,30000,240,40000,240,1000000,1000000,1000000,1000000,20000,60
경주,59,25,1000000,1000000,1000000,1000000,1000000,1000000,1000000,1000000,1000000,1000000,1000000,1000000,51000,240,1000000,1000000,1000000,1000000,50000,170,1000000,1000000,39000,230,1000000,1000000,40000,180,1000000,1000000,1000000,1000000,1000000,1000000,1000000,1000000,1000000,1000000,36000,120,15000,240,1000000,1000000,36000,120,1000000,1000000,1000000,1000000,1000000,1000000,1000000,1000000,1000000,1000000,28000,120,23000,180,1000000,1000000,1000000,1000000,1000000,1000000,1000000,1000000,26000,60,13000,60,36000,180,4000,45,27000,180,8000,60,0,0,1000000,1000000,1000000,1000000,4000,120,1000000,1000000,20000,100,14000,120,10000,60,8000,60,1000000,1000000,25000,180,1000000,1000000,34000,240,1000000,1000000,1000000,1000000,1000000,1000000
담양,24,27,1000000,1000000,1000000,1000000,1000000,1000000,1000000,1000000,1000000,1000000,1000000,1000000,1000000,1000000,1000000,1000000,1000000,1000000,30000,170,1000000,1000000,1000000,1000000,1000000,1000000,1000000,1000000,1000000,1000000,1000000,1000000,1000000,1000000,1000000,1000000,1000000,1000000,1000000,1000000,1000000,1000000,1000000,1000000,1000000,1000000,1000000,1000000,1000000,1000000,1000000,1000000,1000000,1000000,1000000,1000000,1000000,1000000,1000000,1000000,1000000,1000000,1000000,1000000,1000000,1000000,1000000,1000000,1000000,1000000,1000000,1000000,1000000,1000000,1000000,1000000,1000000,1000000,1000000,1000000,1000000,1000000,0,0,1000000,1000000,1000000,1000000,4000,50,1000000,1000000,1000000,1000000,1000000,1000000,1000000,1000000,1000000,1000000,1000000,1000000,1000000,1000000,1000000,1000000,1000000,1000000,1000000,1000000,1000000,1000000
함양,35,26,1000000,1000000,1000000,1000000,1000000,1000000,1000000,1000000,1000000,1000000,1000000,1000000,1000000,1000000,1000000,1000000,1000000,1000000,1000000,1000000,1000000,1000000,1000000,1000000,1000000,1000000,26000,190,1000000,1000000,1000000,1000000,1000000,1000000,1000000,1000000,1000000,1000000,1000000,1000000,1000000,1000000,1000000,1000000,1000000,1000000,1000000,1000000,1000000,1000000,1000000,1000000,1000000,1000000,1000000,1000000,1000000,1000000,1000000,1000000,1000000,1000000,1000000,1000000,1000000,1000000,1000000,1000000,12000,120,1000000,1000000,1000000,1000000,1000000,1000000,1000000,1000000,1000000,1000000,1000000,1000000,1000000,1000000,0,0,1000000,1000000,15000,100,1000000,1000000,15000,120,1000000,1000000,18000,120,1000000,1000000,1000000,1000000,1000000,1000000,1000000,1000000,1000000,1000000,1000000,1000000,1000000,1000000
울산,58,27,1000000,1000000,1000000,1000000,1000000,1000000,1000000,1000000,1000000,1000000,1000000,1000000,1000000,1000000,44000,240,90000,60,52000,190,38000,230,1000000,1000000,1000000,1000000,40000,180,1000000,1000000,1000000,1000000,32000,230,1000000,1000000,1000000,1000000,40000,180,1000000,1000000,1000000,1000000,37000,110,1000000,1000000,1000000,1000000,1000000,1000000,1000000,1000000,1000000,1000000,35000,110,22000,170,1000000,1000000,1000000,1000000,1000000,1000000,1000000,1000000,30000,70,18000,120,1000000,1000000,10000,120,1000000,1000000,13000,120,4000,100,1000000,1000000,1000000,1000000,0,0,38000,240,18000,110,10000,60,10000,60,5000,120,1000000,1000000,1000000,1000000,1000000,1000000,1000000,1000000,1000000,1000000,1000000,1000000,50000,60
광주,20,28,1000000,1000000,1000000,1000000,1000000,1000000,1000000,1000000,1000000,1000000,1000000,1000000,60000,300,1000000,1000000,1000000,1000000,48000,190,1000000,1000000,38000,160,1000000,1000000,30000,180,1000000,1000000,1000000,1000000,1000000,1000000,1000000,1000000,1000000,1000000,35000,100,1000000,1000000,24000,180,30000,120,1000000,1000000,34000,230,1000000,1000000,1000000,1000000,1000000,1000000,26000,60,1000000,1000000,1000000,1000000,20000,50,1000000,1000000,15000,120,20000,160,26000,170,15000,100,30000,240,8000,60,21000,120,1000000,1000000,4000,50,15000,120,38000,230,0,0,16000,120,24000,180,33000,240,32000,180,7000,60,9000,60,6000,60,16000,120,18000,60,16000,120,20000,60
진주,43,27,1000000,1000000,1000000,1000000,1000000,1000000,1000000,1000000,1000000,1000000,1000000,1000000,53000,240,1000000,1000000,1000000,1000000,40000,240,1000000,1000000,37000,240,1000000,1000000,32000,250,1000000,1000000,1000000,1000000,1000000,1000000,1000000,1000000,1000000,1000000,1000000,1000000,1000000,1000000,1000000,1000000,42000,170,1000000,1000000,1000000,1000000,1000000,1000000,1000000,1000000,1000000,1000000,17000,120,1000000,1000000,1000000,1000000,1000000,1000000,1000000,1000000,1000000,1000000,23000,110,20000,180,1000000,1000000,1000000,1000000,15000,120,17000,120,20000,120,1000000,1000000,1000000,1000000,18000,100,16000,120,0,0,7000,60,8000,60,11000,120,15000,240,9000,120,1000000,1000000,1000000,1000000,1000000,1000000,1000000,1000000,1000000,1000000
창원,48,30,1000000,1000000,1000000,1000000,1000000,1000000,1000000,1000000,1000000,1000000,1000000,1000000,55000,240,1000000,1000000,1000000,1000000,37000,280,1000000,1000000,1000000,1000000,1000000,1000000,1000000,1000000,1000000,1000000,1000000,1000000,1000000,1000000,1000000,1000000,1000000,1000000,1000000,1000000,1000000,1000000,1000000,1000000,38000,180,1000000,1000000,30000,250,1000000,1000000,1000000,1000000,1000000,1000000,34000,120,1000000,1000000,1000000,1000000,1000000,1000000,1000000,1000000,1000000,1000000,30000,120,20000,100,1000000,1000000,20000,180,18000,110,10000,50,14000,120,1000000,1000000,15000,120,10000,50,24000,170,7000,60,0,0,4000,60,5000,60,1000000,1000000,8000,120,1000000,1000000,1000000,1000000,1000000,1000000,1000000,1000000,1000000,1000000
김해,53,30,1000000,1000000,1000000,1000000,1000000,1000000,1000000,1000000,1000000,1000000,1000000,1000000,55000,290,1000000,1000000,96000,60,1000000,1000000,1000000,1000000,1000000,1000000,1000000,1000000,1000000,1000000,1000000,1000000,1000000,1000000,1000000,1000000,1000000,1000000,1000000,1000000,1000000,1000000,1000000,1000000,1000000,1000000,1000000,1000000,1000000,1000000,1000000,1000000,1000000,1000000,1000000,1000000,1000000,1000000,1000000,1000000,1000000,1000000,1000000,1000000,1000000,1000000,1000000,1000000,1000000,1000000,30000,100,13000,120,1000000,1000000,16000,120,1000000,1000000,8000,60,10000,60,1000000,1000000,1000000,1000000,10000,60,33000,240,8000,60,4000,60,0,0,2000,60,1000000,1000000,10000,120,1000000,1000000,1000000,1000000,1000000,1000000,1000000,1000000,35000,60
부산,57,29,1000000,1000000,1000000,1000000,1000000,1000000,1000000,1000000,45000,300,60000,400,63000,240,41000,300,1000000,1000000,60000,170,42000,260,42000,240,40000,220,47000,180,37000,240,32000,230,32000,290,1000000,1000000,1000000,1000000,1000000,1000000,40000,230,1000000,1000000,32000,180,1000000,1000000,1000000,1000000,30000,180,28000,190,1000000,1000000,38000,180,26000,190,1000000,1000000,1000000,1000000,1000000,1000000,1000000,1000000,40000,120,16000,110,35000,230,15000,50,30000,170,17000,60,8000,60,1000000,1000000,18000,100,5000,120,32000,170,11000,120,5000,60,2000,60,0,0,1000000,1000000,21000,120,35000,240,23000,180,35000,180,25000,120,1000000,1000000
무안,16,30,1000000,1000000,1000000,1000000,1000000,1000000,1000000,1000000,1000000,1000000,1000000,1000000,56000,300,1000000,1000000,1000000,1000000,1000000,1000000,1000000,1000000,38000,230,1000000,1000000,1000000,1000000,1000000,1000000,1000000,1000000,1000000,1000000,1000000,1000000,1000000,1000000,1000000,1000000,1000000,1000000,1000000,1000000,1000000,1000000,1000000,1000000,1000000,1000000,1000000,1000000,1000000,1000000,1000000,1000000,1000000,1000000,1000000,1000000,1000000,1000000,1000000,1000000,1000000,1000000,12000,110,15000,180,1000000,1000000,15000,120,47000,240,1000000,1000000,1000000,1000000,1000000,1000000,1000000,1000000,1000000,1000000,1000000,1000000,7000,60,15000,250,1000000,1000000,1000000,1000000,1000000,1000000,0,0,1000000,1000000,3000,60,1000000,1000000,1000000,1000000,1000000,1000000,1000000,1000000
순천,32,30,1000000,1000000,1000000,1000000,1000000,1000000,1000000,1000000,1000000,1000000,1000000,1000000,46000,230,1000000,1000000,1000000,1000000,45000,180,1000000,1000000,36000,250,1000000,1000000,32000,240,1000000,1000000,1000000,1000000,1000000,1000000,1000000,1000000,1000000,1000000,1000000,1000000,1000000,1000000,1000000,1000000,33000,120,1000000,1000000,1000000,1000000,1000000,1000000,1000000,1000000,1000000,1000000,29000,110,1000000,1000000,1000000,1000000,22000,100,1000000,1000000,12000,100,1000000,1000000,1000000,1000000,1000000,1000000,31000,180,13000,120,28000,180,25000,170,1000000,1000000,1000000,1000000,1000000,1000000,9000,60,9000,120,8000,120,10000,120,21000,120,1000000,1000000,0,0,13000,120,3000,30,18000,120,5000,180,1000000,1000000
목포,37,23,1000000,1000000,1000000,1000000,1000000,1000000,1000000,1000000,1000000,1000000,1000000,1000000,56000,240,1000000,1000000,1000000,1000000,54000,170,1000000,1000000,1000000,1000000,1000000,1000000,1000000,1000000,1000000,1000000,1000000,1000000,1000000,1000000,1000000,1000000,1000000,1000000,40000,120,1000000,1000000,1000000,1000000,40000,120,1000000,1000000,1000000,1000000,1000000,1000000,1000000,1000000,1000000,1000000,35000,110,1000000,1000000,1000000,1000000,30000,120,1000000,1000000,20000,120,26000,180,40000,280,18000,170,1000000,1000000,15000,120,30000,230,1000000,1000000,1000000,1000000,1000000,1000000,1000000,1000000,6000,50,1000000,1000000,1000000,1000000,1000000,1000000,35000,240,3000,60,13000,120,0,0,17000,120,9000,60,1000000,1000000,1000000,1000000
여수,34,31,1000000,1000000,1000000,1000000,1000000,1000000,1000000,1000000,1000000,1000000,1000000,1000000,48000,220,1000000,1000000,1000000,1000000,47000,190,1000000,1000000,39000,240,1000000,1000000,1000000,1000000,1000000,1000000,1000000,1000000,1000000,1000000,1000000,1000000,1000000,1000000,1000000,1000000,1000000,1000000,1000000,1000000,35000,180,1000000,1000000,1000000,1000000,1000000,1000000,1000000,1000000,1000000,1000000,30000,120,1000000,1000000,1000000,1000000,25000,110,1000000,1000000,14000,170,1000000,1000000,1000000,1000000,1000000,1000000,38000,240,16000,60,40000,220,34000,240,1000000,1000000,1000000,1000000,1000000,1000000,16000,120,1000000,1000000,1000000,1000000,1000000,1000000,23000,180,1000000,1000000,3000,30,17000,120,0,0,21000,180,12000,120,60000,60
해남,18,33,1000000,1000000,1000000,1000000,1000000,1000000,1000000,1000000,1000000,1000000,1000000,1000000,1000000,1000000,1000000,1000000,1000000,1000000,1000000,1000000,1000000,1000000,1000000,1000000,1000000,1000000,1000000,1000000,1000000,1000000,1000000,1000000,1000000,1000000,1000000,1000000,1000000,1000000,1000000,1000000,1000000,1000000,1000000,1000000,1000000,1000000,1000000,1000000,1000000,1000000,1000000,1000000,1000000,1000000,1000000,1000000,1000000,1000000,1000000,1000000,1000000,1000000,1000000,1000000,1000000,1000000,1000000,1000000,1000000,1000000,1000000,1000000,1000000,1000000,1000000,1000000,1000000,1000000,1000000,1000000,1000000,1000000,1000000,1000000,1000000,1000000,1000000,1000000,18000,70,1000000,1000000,1000000,1000000,1000000,1000000,35000,180,1000000,1000000,18000,120,9000,60,21000,180,0,0,1000000,1000000,1000000,1000000
고흥,25,32,1000000,1000000,1000000,1000000,1000000,1000000,1000000,1000000,1000000,1000000,1000000,1000000,1000000,1000000,1000000,1000000,1000000,1000000,1000000,1000000,1000000,1000000,1000000,1000000,1000000,1000000,1000000,1000000,1000000,1000000,1000000,1000000,1000000,1000000,1000000,1000000,1000000,1000000,1000000,1000000,1000000,1000000,1000000,1000000,1000000,1000000,1000000,1000000,1000000,1000000,1000000,1000000,1000000,1000000,1000000,1000000,1000000,1000000,1000000,1000000,1000000,1000000,1000000,1000000,1000000,1000000,1000000,1000000,1000000,1000000,1000000,1000000,1000000,1000000,1000000,1000000,1000000,1000000,1000000,1000000,1000000,1000000,1000000,1000000,1000000,1000000,1000000,1000000,16000,100,1000000,1000000,1000000,1000000,1000000,1000000,25000,120,1000000,1000000,5000,180,1000000,1000000,12000,120,1000000,1000000,0,0,1000000,1000000
제주,23,40,1000000,1000000,1000000,1000000,1000000,1000000,1000000,1000000,1000000,1000000,1000000,1000000,1000000,1000000,1000000,1000000,1000000,1000000,1000000,1000000,1000000,1000000,1000000,1000000,1000000,1000000,1000000,1000000,1000000,1000000,1000000,1000000,80000,60,1000000,1000000,1000000,1000000,1000000,1000000,1000000,1000000,1000000,1000000,1000000,1000000,1000000,1000000,1000000,1000000,1000000,1000000,1000000,1000000,1000000,1000000,50000,60,1000000,1000000,1000000,1000000,1000000,1000000,1000000,1000000,1000000,1000000,1000000,1000000,1000000,1000000,1000000,1000000,60000,60,1000000,1000000,20000,60,1000000,1000000,1000000,1000000,1000000,1000000,50000,60,20000,50,1000000,1000000,1000000,1000000,35000,60,1000000,1000000,1000000,1000000,1000000,1000000,1000000,1000000,60000,60,1000000,1000000,1000000,1000000,0,0
